{
  "config": {
    "session": {
      "maxAge": 86400000,
      "key": "EGG_SESS",
      "httpOnly": true,
      "encrypt": true,
      "overwrite": true,
      "signed": true,
      "autoCommit": true,
      "encode": "<Function encode>",
      "decode": "<Function decode>",
      "genid": "<Function v4>"
    },
    "security": {
      "domainWhiteList": [],
      "protocolWhiteList": [],
      "defaultMiddleware": "csrf,hsts,methodnoallow,noopen,nosniff,csp,xssProtection,xframe,dta",
      "csrf": {
        "enable": true,
        "type": "ctoken",
        "ignoreJSON": false,
        "useSession": false,
        "cookieName": "csrfToken",
        "sessionName": "csrfToken",
        "headerName": "x-csrf-token",
        "bodyName": "_csrf",
        "queryName": "_csrf",
        "refererWhiteList": [],
        "matching": "<Function anonymous>"
      },
      "xframe": {
        "enable": true,
        "value": "SAMEORIGIN",
        "matching": "<Function anonymous>"
      },
      "hsts": {
        "enable": false,
        "maxAge": 31536000,
        "includeSubdomains": false
      },
      "dta": {
        "enable": true,
        "matching": "<Function anonymous>"
      },
      "methodnoallow": {
        "enable": true,
        "matching": "<Function anonymous>"
      },
      "noopen": {
        "enable": true,
        "matching": "<Function anonymous>"
      },
      "nosniff": {
        "enable": true,
        "matching": "<Function anonymous>"
      },
      "referrerPolicy": {
        "enable": false,
        "value": "no-referrer-when-downgrade"
      },
      "xssProtection": {
        "enable": true,
        "value": "1; mode=block",
        "matching": "<Function anonymous>"
      },
      "csp": {
        "enable": false,
        "policy": {}
      },
      "ssrf": {
        "ipBlackList": null,
        "checkAddress": null
      },
      "_protocolWhiteListSet": "<Set>"
    },
    "helper": {
      "shtml": {}
    },
    "jsonp": {
      "limit": 50,
      "callback": [
        "_callback",
        "callback"
      ],
      "csrf": false
    },
    "onerror": {
      "errorPageUrl": "",
      "appErrorFilter": null,
      "templatePath": "D:\\code\\project\\my_midway_app\\node_modules\\egg-onerror\\lib\\onerror_page.mustache"
    },
    "i18n": {
      "defaultLocale": "en_US",
      "dirs": [
        "D:\\code\\project\\my_midway_app\\node_modules\\egg-session\\config\\locales",
        "D:\\code\\project\\my_midway_app\\node_modules\\egg-security\\config\\locales",
        "D:\\code\\project\\my_midway_app\\node_modules\\egg-jsonp\\config\\locales",
        "D:\\code\\project\\my_midway_app\\node_modules\\egg-onerror\\config\\locales",
        "D:\\code\\project\\my_midway_app\\node_modules\\egg-i18n\\config\\locales",
        "D:\\code\\project\\my_midway_app\\node_modules\\egg-watcher\\config\\locales",
        "D:\\code\\project\\my_midway_app\\node_modules\\egg-schedule\\config\\locales",
        "D:\\code\\project\\my_midway_app\\node_modules\\egg-multipart\\config\\locales",
        "D:\\code\\project\\my_midway_app\\node_modules\\egg-development\\config\\locales",
        "D:\\code\\project\\my_midway_app\\node_modules\\egg-logrotator\\config\\locales",
        "D:\\code\\project\\my_midway_app\\node_modules\\egg-static\\config\\locales",
        "D:\\code\\project\\my_midway_app\\node_modules\\egg-view\\config\\locales",
        "D:\\code\\project\\my_midway_app\\node_modules\\midway-schedule\\config\\locales",
        "D:\\code\\project\\my_midway_app\\node_modules\\egg\\config\\locales",
        "D:\\code\\project\\my_midway_app\\node_modules\\midway-web\\config\\locales",
        "D:\\code\\project\\my_midway_app\\src\\config\\locales"
      ],
      "queryField": "locale",
      "cookieField": "locale",
      "cookieDomain": "",
      "cookieMaxAge": "1y",
      "functionName": "__"
    },
    "watcher": {
      "type": "development",
      "eventSources": {
        "default": "D:\\code\\project\\my_midway_app\\node_modules\\egg-watcher\\lib\\event-sources\\default",
        "development": "D:\\code\\project\\my_midway_app\\node_modules\\egg-watcher\\lib\\event-sources\\development"
      }
    },
    "customLogger": {
      "scheduleLogger": {
        "consoleLevel": "NONE",
        "file": "egg-schedule.log"
      }
    },
    "schedule": {
      "directory": []
    },
    "multipart": {
      "mode": "stream",
      "autoFields": false,
      "defaultCharset": "utf8",
      "fieldNameSize": 100,
      "fieldSize": 102400,
      "fields": 10,
      "fileSize": 10485760,
      "files": 10,
      "fileExtensions": [],
      "whitelist": null,
      "tmpdir": "C:\\Users\\willwei\\AppData\\Local\\Temp\\egg-multipart-tmp\\my_first_midway_project",
      "cleanSchedule": {
        "cron": "0 30 4 * * *"
      }
    },
    "development": {
      "watchDirs": [
        "app",
        "lib",
        "service",
        "interface",
        "utils",
        "config",
        "app.ts",
        "agent.ts",
        "interface.ts"
      ],
      "ignoreDirs": [],
      "fastReady": false,
      "reloadOnDebug": true,
      "overrideDefault": true
    },
    "logrotator": {
      "filesRotateByHour": null,
      "hourDelimiter": "-",
      "filesRotateBySize": null,
      "maxFileSize": 52428800,
      "maxFiles": 10,
      "rotateDuration": 60000,
      "maxDays": 31
    },
    "static": {
      "prefix": "/public/",
      "dir": "D:\\code\\project\\my_midway_app\\src\\app\\public",
      "dynamic": true,
      "preload": false,
      "buffer": false,
      "maxFiles": 1000
    },
    "view": {
      "root": "D:\\code\\project\\my_midway_app\\src\\app\\view",
      "cache": false,
      "defaultExtension": ".html",
      "defaultViewEngine": "",
      "mapping": {}
    },
    "env": "local",
    "name": "my_first_midway_project",
    "keys": "<String len: 32>",
    "cookies": {},
    "proxy": false,
    "maxIpsCount": 0,
    "maxProxyCount": 0,
    "protocolHeaders": "x-forwarded-proto",
    "ipHeaders": "x-forwarded-for",
    "hostHeaders": "",
    "pkg": {
      "name": "my_first_midway_project",
      "version": "1.0.0",
      "description": "{{description}}",
      "private": true,
      "dependencies": {
        "@types/bluebird": "^3.5.30",
        "@types/validator": "^13.0.0",
        "egg-scripts": "^2.10.0",
        "midway": "^1.0.0",
        "mysql2": "^2.1.0",
        "reflect-metadata": "^0.1.13",
        "sequelize": "^5.21.5",
        "sequelize-typescript": "^1.1.0",
        "sqlite3": "^4.1.1",
        "strong-error-handler": "^3.4.0"
      },
      "devDependencies": {
        "@types/mocha": "^5.2.7",
        "@types/node": "^10.17.19",
        "cross-env": "^6.0.0",
        "egg-ci": "^1.8.0",
        "midway-bin": "1",
        "midway-mock": "1",
        "ts-node": "^8.3.0",
        "tslib": "^1.8.1",
        "tslint": "^5.11.0",
        "tslint-midway-contrib": "1",
        "typescript": "^3.5.0"
      },
      "engines": {
        "node": ">=10.16.0"
      },
      "scripts": {
        "start": "egg-scripts start --daemon --title=midway-server-my_first_midway_project --framework=midway --ts",
        "stop": "egg-scripts stop --title=midway-server-my_first_midway_project",
        "start_build": "npm run build && cross-env NODE_ENV=development midway-bin dev",
        "clean": "midway-bin clean",
        "dev": "cross-env NODE_ENV=local midway-bin dev --ts",
        "debug": "cross-env NODE_ENV=local midway-bin debug --ts",
        "test": "npm run lint && midway-bin test --ts",
        "cov": "midway-bin cov --ts",
        "lint": "tslint --fix -p tsconfig.json -t stylish",
        "ci": "npm run cov",
        "build": "midway-bin build -c"
      },
      "ci": {
        "version": "10"
      },
      "midway-bin-clean": [
        ".vscode/.tsbuildinfo",
        "dist"
      ],
      "repository": {
        "type": "git",
        "url": ""
      },
      "author": "anonymous",
      "license": "MIT"
    },
    "baseDir": "D:\\code\\project\\my_midway_app\\src",
    "HOME": "C:\\Users\\willwei",
    "rundir": "D:\\code\\project\\my_midway_app\\run",
    "dump": {
      "ignore": "<Set>"
    },
    "confusedConfigurations": {
      "bodyparser": "bodyParser",
      "notFound": "notfound",
      "sitefile": "siteFile",
      "middlewares": "middleware",
      "httpClient": "httpclient"
    },
    "notfound": {
      "pageUrl": ""
    },
    "siteFile": {
      "/favicon.ico": "<Buffer len: 6463>"
    },
    "bodyParser": {
      "enable": true,
      "encoding": "utf8",
      "formLimit": "1mb",
      "jsonLimit": "1mb",
      "textLimit": "1mb",
      "strict": true,
      "queryString": {
        "arrayLimit": 100,
        "depth": 5,
        "parameterLimit": 1000
      },
      "returnRawBody": true
    },
    "logger": {
      "dir": "D:\\code\\project\\my_midway_app\\logs\\my_first_midway_project",
      "encoding": "utf8",
      "env": "local",
      "level": "INFO",
      "consoleLevel": "INFO",
      "disableConsoleAfterReady": false,
      "outputJSON": false,
      "buffer": true,
      "appLogName": "midway-web.log",
      "coreLogName": "midway-core.log",
      "agentLogName": "midway-agent.log",
      "errorLogName": "common-error.log",
      "coreLogger": {
        "consoleLevel": "WARN"
      },
      "allowDebugAtProd": false,
      "type": "application"
    },
    "httpclient": {
      "enableDNSCache": false,
      "dnsCacheLookupInterval": 10000,
      "dnsCacheMaxLength": 1000,
      "request": {
        "timeout": 5000
      },
      "httpAgent": {
        "keepAlive": true,
        "freeSocketTimeout": 4000,
        "maxSockets": 9007199254740991,
        "maxFreeSockets": 256
      },
      "httpsAgent": {
        "keepAlive": true,
        "freeSocketTimeout": 4000,
        "maxSockets": 9007199254740991,
        "maxFreeSockets": 256
      }
    },
    "meta": {
      "enable": true,
      "logging": false
    },
    "coreMiddleware": [
      "meta",
      "siteFile",
      "notfound",
      "static",
      "bodyParser",
      "overrideMethod",
      "session",
      "securities",
      "i18n",
      "eggLoaderTrace"
    ],
    "workerStartTimeout": 600000,
    "serverTimeout": null,
    "cluster": {
      "listen": {
        "path": "",
        "port": 7001,
        "hostname": ""
      }
    },
    "clusterClient": {
      "maxWaitTime": 60000,
      "responseTimeout": 60000
    },
    "onClientError": null,
    "pluginOverwrite": false,
    "container": {
      "ignore": [
        "**/node_modules/**",
        "**/logs/**",
        "**/run/**",
        "**/public/**",
        "**/view/**",
        "**/views/**",
        "**/config/**",
        "**/app/extend/**"
      ],
      "baseDir": "D:\\code\\project\\my_midway_app\\src"
    },
    "alinode": {
      "logdir": "C:\\Users\\willwei\\AppData\\Local\\Temp",
      "error_log": [
        "D:\\code\\project\\my_midway_app\\logs\\my_first_midway_project\\common-error.log",
        "D:\\code\\project\\my_midway_app\\logs\\stderr.log"
      ],
      "packages": [
        "D:\\code\\project\\my_midway_app\\package.json"
      ]
    },
    "middleware": [],
    "coreMiddlewares": "~config~coreMiddleware",
    "appMiddlewares": "~config~middleware",
    "appMiddleware": "~config~middleware",
    "multipartParseOptions": {
      "autoFields": false,
      "defCharset": "utf8",
      "limits": {
        "fieldNameSize": 100,
        "fieldSize": 102400,
        "fields": 10,
        "fileSize": 10485760,
        "files": 10
      },
      "checkFile": "<Function checkFile>"
    }
  },
  "plugins": {
    "session": {
      "enable": true,
      "package": "egg-session",
      "name": "session",
      "dependencies": [],
      "optionalDependencies": [],
      "env": [],
      "from": "D:\\code\\project\\my_midway_app\\node_modules\\egg\\config\\plugin.js",
      "path": "D:\\code\\project\\my_midway_app\\node_modules\\egg-session",
      "version": "3.1.0"
    },
    "security": {
      "enable": true,
      "package": "egg-security",
      "name": "security",
      "dependencies": [],
      "optionalDependencies": [
        "session"
      ],
      "env": [],
      "from": "D:\\code\\project\\my_midway_app\\node_modules\\egg\\config\\plugin.js",
      "path": "D:\\code\\project\\my_midway_app\\node_modules\\egg-security",
      "version": "2.7.1"
    },
    "jsonp": {
      "enable": true,
      "package": "egg-jsonp",
      "name": "jsonp",
      "dependencies": [],
      "optionalDependencies": [
        "security"
      ],
      "env": [],
      "from": "D:\\code\\project\\my_midway_app\\node_modules\\egg\\config\\plugin.js",
      "path": "D:\\code\\project\\my_midway_app\\node_modules\\egg-jsonp",
      "version": "2.0.0"
    },
    "onerror": {
      "enable": true,
      "package": "egg-onerror",
      "name": "onerror",
      "dependencies": [],
      "optionalDependencies": [
        "jsonp"
      ],
      "env": [],
      "from": "D:\\code\\project\\my_midway_app\\node_modules\\egg\\config\\plugin.js",
      "path": "D:\\code\\project\\my_midway_app\\node_modules\\egg-onerror",
      "version": "2.1.0"
    },
    "i18n": {
      "enable": true,
      "package": "egg-i18n",
      "name": "i18n",
      "dependencies": [],
      "optionalDependencies": [],
      "env": [],
      "from": "D:\\code\\project\\my_midway_app\\node_modules\\egg\\config\\plugin.js",
      "path": "D:\\code\\project\\my_midway_app\\node_modules\\egg-i18n",
      "version": "2.1.1"
    },
    "watcher": {
      "enable": true,
      "package": "egg-watcher",
      "name": "watcher",
      "dependencies": [],
      "optionalDependencies": [],
      "env": [],
      "from": "D:\\code\\project\\my_midway_app\\node_modules\\egg\\config\\plugin.js",
      "path": "D:\\code\\project\\my_midway_app\\node_modules\\egg-watcher",
      "version": "3.1.1"
    },
    "schedule": {
      "enable": true,
      "package": "egg-schedule",
      "name": "schedule",
      "dependencies": [],
      "optionalDependencies": [],
      "env": [],
      "from": "D:\\code\\project\\my_midway_app\\node_modules\\egg\\config\\plugin.js",
      "path": "D:\\code\\project\\my_midway_app\\node_modules\\egg-schedule",
      "version": "3.6.4"
    },
    "multipart": {
      "enable": true,
      "package": "egg-multipart",
      "name": "multipart",
      "dependencies": [],
      "optionalDependencies": [
        "schedule"
      ],
      "env": [],
      "from": "D:\\code\\project\\my_midway_app\\node_modules\\egg\\config\\plugin.js",
      "path": "D:\\code\\project\\my_midway_app\\node_modules\\egg-multipart",
      "version": "2.10.2"
    },
    "development": {
      "enable": true,
      "package": "egg-development",
      "name": "development",
      "dependencies": [
        "watcher"
      ],
      "optionalDependencies": [],
      "env": [
        "local"
      ],
      "from": "D:\\code\\project\\my_midway_app\\node_modules\\egg\\config\\plugin.js",
      "path": "D:\\code\\project\\my_midway_app\\node_modules\\egg-development",
      "version": "2.4.3"
    },
    "logrotator": {
      "enable": true,
      "package": "egg-logrotator",
      "name": "logrotator",
      "dependencies": [
        "schedule"
      ],
      "optionalDependencies": [],
      "env": [],
      "from": "D:\\code\\project\\my_midway_app\\node_modules\\egg\\config\\plugin.js",
      "path": "D:\\code\\project\\my_midway_app\\node_modules\\egg-logrotator",
      "version": "3.1.0"
    },
    "static": {
      "enable": true,
      "package": "egg-static",
      "name": "static",
      "dependencies": [],
      "optionalDependencies": [],
      "env": [],
      "from": "D:\\code\\project\\my_midway_app\\src\\config\\plugin.ts",
      "path": "D:\\code\\project\\my_midway_app\\node_modules\\egg-static",
      "version": "2.2.0"
    },
    "view": {
      "enable": true,
      "package": "egg-view",
      "name": "view",
      "dependencies": [],
      "optionalDependencies": [],
      "env": [],
      "from": "D:\\code\\project\\my_midway_app\\node_modules\\egg\\config\\plugin.js",
      "path": "D:\\code\\project\\my_midway_app\\node_modules\\egg-view",
      "version": "2.1.2"
    },
    "schedulePlus": {
      "enable": true,
      "package": "midway-schedule",
      "name": "schedulePlus",
      "dependencies": [],
      "optionalDependencies": [
        "schedule"
      ],
      "env": [],
      "from": "D:\\code\\project\\my_midway_app\\node_modules\\midway-web\\config\\plugin.js",
      "path": "D:\\code\\project\\my_midway_app\\node_modules\\midway-schedule",
      "version": "1.18.6"
    }
  }
}