[
  {
    "name": "Application Start",
    "start": 1586615456395,
    "end": 1586615456820,
    "duration": 425,
    "pid": 34268,
    "index": 0
  },
  {
    "name": "Load Plugin",
    "start": 1586615456399,
    "end": 1586615456408,
    "duration": 9,
    "pid": 34268,
    "index": 1
  },
  {
    "name": "Load Config",
    "start": 1586615456408,
    "end": 1586615456421,
    "duration": 13,
    "pid": 34268,
    "index": 2
  },
  {
    "name": "Require(0) config/config.default.ts",
    "start": 1586615456409,
    "end": 1586615456409,
    "duration": 0,
    "pid": 34268,
    "index": 3
  },
  {
    "name": "Require(1) config/config.local.ts",
    "start": 1586615456410,
    "end": 1586615456410,
    "duration": 0,
    "pid": 34268,
    "index": 4
  },
  {
    "name": "Require(2) D:/code/project/my_midway_app/node_modules/egg-session/config/config.default.js",
    "start": 1586615456410,
    "end": 1586615456410,
    "duration": 0,
    "pid": 34268,
    "index": 5
  },
  {
    "name": "Require(3) D:/code/project/my_midway_app/node_modules/egg-security/config/config.default.js",
    "start": 1586615456411,
    "end": 1586615456411,
    "duration": 0,
    "pid": 34268,
    "index": 6
  },
  {
    "name": "Require(4) D:/code/project/my_midway_app/node_modules/egg-jsonp/config/config.default.js",
    "start": 1586615456411,
    "end": 1586615456412,
    "duration": 1,
    "pid": 34268,
    "index": 7
  },
  {
    "name": "Require(5) D:/code/project/my_midway_app/node_modules/egg-onerror/config/config.default.js",
    "start": 1586615456412,
    "end": 1586615456412,
    "duration": 0,
    "pid": 34268,
    "index": 8
  },
  {
    "name": "Require(6) D:/code/project/my_midway_app/node_modules/egg-i18n/config/config.default.js",
    "start": 1586615456412,
    "end": 1586615456412,
    "duration": 0,
    "pid": 34268,
    "index": 9
  },
  {
    "name": "Require(7) D:/code/project/my_midway_app/node_modules/egg-watcher/config/config.default.js",
    "start": 1586615456413,
    "end": 1586615456413,
    "duration": 0,
    "pid": 34268,
    "index": 10
  },
  {
    "name": "Require(8) D:/code/project/my_midway_app/node_modules/egg-schedule/config/config.default.js",
    "start": 1586615456413,
    "end": 1586615456413,
    "duration": 0,
    "pid": 34268,
    "index": 11
  },
  {
    "name": "Require(9) D:/code/project/my_midway_app/node_modules/egg-multipart/config/config.default.js",
    "start": 1586615456414,
    "end": 1586615456414,
    "duration": 0,
    "pid": 34268,
    "index": 12
  },
  {
    "name": "Require(10) D:/code/project/my_midway_app/node_modules/egg-development/config/config.default.js",
    "start": 1586615456414,
    "end": 1586615456415,
    "duration": 1,
    "pid": 34268,
    "index": 13
  },
  {
    "name": "Require(11) D:/code/project/my_midway_app/node_modules/egg-logrotator/config/config.default.js",
    "start": 1586615456415,
    "end": 1586615456415,
    "duration": 0,
    "pid": 34268,
    "index": 14
  },
  {
    "name": "Require(12) D:/code/project/my_midway_app/node_modules/egg-static/config/config.default.js",
    "start": 1586615456415,
    "end": 1586615456415,
    "duration": 0,
    "pid": 34268,
    "index": 15
  },
  {
    "name": "Require(13) D:/code/project/my_midway_app/node_modules/egg-view/config/config.default.js",
    "start": 1586615456416,
    "end": 1586615456416,
    "duration": 0,
    "pid": 34268,
    "index": 16
  },
  {
    "name": "Require(14) D:/code/project/my_midway_app/node_modules/egg/config/config.default.js",
    "start": 1586615456416,
    "end": 1586615456417,
    "duration": 1,
    "pid": 34268,
    "index": 17
  },
  {
    "name": "Require(15) D:/code/project/my_midway_app/node_modules/midway-web/config/config.default.js",
    "start": 1586615456418,
    "end": 1586615456418,
    "duration": 0,
    "pid": 34268,
    "index": 18
  },
  {
    "name": "Require(16) config/config.default.ts",
    "start": 1586615456418,
    "end": 1586615456418,
    "duration": 0,
    "pid": 34268,
    "index": 19
  },
  {
    "name": "Require(17) D:/code/project/my_midway_app/node_modules/egg-security/config/config.local.js",
    "start": 1586615456419,
    "end": 1586615456419,
    "duration": 0,
    "pid": 34268,
    "index": 20
  },
  {
    "name": "Require(18) D:/code/project/my_midway_app/node_modules/egg-watcher/config/config.local.js",
    "start": 1586615456419,
    "end": 1586615456419,
    "duration": 0,
    "pid": 34268,
    "index": 21
  },
  {
    "name": "Require(19) D:/code/project/my_midway_app/node_modules/egg-view/config/config.local.js",
    "start": 1586615456420,
    "end": 1586615456420,
    "duration": 0,
    "pid": 34268,
    "index": 22
  },
  {
    "name": "Require(20) D:/code/project/my_midway_app/node_modules/egg/config/config.local.js",
    "start": 1586615456421,
    "end": 1586615456421,
    "duration": 0,
    "pid": 34268,
    "index": 23
  },
  {
    "name": "Require(21) D:/code/project/my_midway_app/node_modules/midway-web/config/config.local.js",
    "start": 1586615456421,
    "end": 1586615456421,
    "duration": 0,
    "pid": 34268,
    "index": 24
  },
  {
    "name": "Require(22) config/config.local.ts",
    "start": 1586615456421,
    "end": 1586615456421,
    "duration": 0,
    "pid": 34268,
    "index": 25
  },
  {
    "name": "Load extend/application.js",
    "start": 1586615456422,
    "end": 1586615456430,
    "duration": 8,
    "pid": 34268,
    "index": 26
  },
  {
    "name": "Require(23) D:/code/project/my_midway_app/node_modules/egg-session/app/extend/application.js",
    "start": 1586615456422,
    "end": 1586615456422,
    "duration": 0,
    "pid": 34268,
    "index": 27
  },
  {
    "name": "Require(24) D:/code/project/my_midway_app/node_modules/egg-security/app/extend/application.js",
    "start": 1586615456422,
    "end": 1586615456423,
    "duration": 1,
    "pid": 34268,
    "index": 28
  },
  {
    "name": "Require(25) D:/code/project/my_midway_app/node_modules/egg-jsonp/app/extend/application.js",
    "start": 1586615456423,
    "end": 1586615456424,
    "duration": 1,
    "pid": 34268,
    "index": 29
  },
  {
    "name": "Require(26) D:/code/project/my_midway_app/node_modules/egg-logrotator/app/extend/application.js",
    "start": 1586615456425,
    "end": 1586615456427,
    "duration": 2,
    "pid": 34268,
    "index": 30
  },
  {
    "name": "Require(27) D:/code/project/my_midway_app/node_modules/egg-view/app/extend/application.js",
    "start": 1586615456427,
    "end": 1586615456428,
    "duration": 1,
    "pid": 34268,
    "index": 31
  },
  {
    "name": "Load extend/request.js",
    "start": 1586615456430,
    "end": 1586615456433,
    "duration": 3,
    "pid": 34268,
    "index": 32
  },
  {
    "name": "Require(28) D:/code/project/my_midway_app/node_modules/egg/app/extend/request.js",
    "start": 1586615456431,
    "end": 1586615456432,
    "duration": 1,
    "pid": 34268,
    "index": 33
  },
  {
    "name": "Load extend/response.js",
    "start": 1586615456433,
    "end": 1586615456437,
    "duration": 4,
    "pid": 34268,
    "index": 34
  },
  {
    "name": "Require(29) D:/code/project/my_midway_app/node_modules/egg/app/extend/response.js",
    "start": 1586615456435,
    "end": 1586615456436,
    "duration": 1,
    "pid": 34268,
    "index": 35
  },
  {
    "name": "Load extend/context.js",
    "start": 1586615456437,
    "end": 1586615456470,
    "duration": 33,
    "pid": 34268,
    "index": 36
  },
  {
    "name": "Require(30) D:/code/project/my_midway_app/node_modules/egg-security/app/extend/context.js",
    "start": 1586615456438,
    "end": 1586615456443,
    "duration": 5,
    "pid": 34268,
    "index": 37
  },
  {
    "name": "Require(31) D:/code/project/my_midway_app/node_modules/egg-jsonp/app/extend/context.js",
    "start": 1586615456443,
    "end": 1586615456444,
    "duration": 1,
    "pid": 34268,
    "index": 38
  },
  {
    "name": "Require(32) D:/code/project/my_midway_app/node_modules/egg-i18n/app/extend/context.js",
    "start": 1586615456444,
    "end": 1586615456445,
    "duration": 1,
    "pid": 34268,
    "index": 39
  },
  {
    "name": "Require(33) D:/code/project/my_midway_app/node_modules/egg-multipart/app/extend/context.js",
    "start": 1586615456445,
    "end": 1586615456466,
    "duration": 21,
    "pid": 34268,
    "index": 40
  },
  {
    "name": "Require(34) D:/code/project/my_midway_app/node_modules/egg-view/app/extend/context.js",
    "start": 1586615456467,
    "end": 1586615456467,
    "duration": 0,
    "pid": 34268,
    "index": 41
  },
  {
    "name": "Require(35) D:/code/project/my_midway_app/node_modules/egg/app/extend/context.js",
    "start": 1586615456467,
    "end": 1586615456468,
    "duration": 1,
    "pid": 34268,
    "index": 42
  },
  {
    "name": "Require(36) D:/code/project/my_midway_app/node_modules/midway-web/app/extend/context.js",
    "start": 1586615456468,
    "end": 1586615456468,
    "duration": 0,
    "pid": 34268,
    "index": 43
  },
  {
    "name": "Load extend/helper.js",
    "start": 1586615456470,
    "end": 1586615456481,
    "duration": 11,
    "pid": 34268,
    "index": 44
  },
  {
    "name": "Require(37) D:/code/project/my_midway_app/node_modules/egg-security/app/extend/helper.js",
    "start": 1586615456470,
    "end": 1586615456478,
    "duration": 8,
    "pid": 34268,
    "index": 45
  },
  {
    "name": "Require(38) D:/code/project/my_midway_app/node_modules/egg/app/extend/helper.js",
    "start": 1586615456479,
    "end": 1586615456479,
    "duration": 0,
    "pid": 34268,
    "index": 46
  },
  {
    "name": "Load app.js",
    "start": 1586615456712,
    "end": 1586615456735,
    "duration": 23,
    "pid": 34268,
    "index": 47
  },
  {
    "name": "Require(39) D:/code/project/my_midway_app/node_modules/egg-session/app.js",
    "start": 1586615456712,
    "end": 1586615456712,
    "duration": 0,
    "pid": 34268,
    "index": 48
  },
  {
    "name": "Require(40) D:/code/project/my_midway_app/node_modules/egg-security/app.js",
    "start": 1586615456713,
    "end": 1586615456713,
    "duration": 0,
    "pid": 34268,
    "index": 49
  },
  {
    "name": "Require(41) D:/code/project/my_midway_app/node_modules/egg-onerror/app.js",
    "start": 1586615456714,
    "end": 1586615456717,
    "duration": 3,
    "pid": 34268,
    "index": 50
  },
  {
    "name": "Require(42) D:/code/project/my_midway_app/node_modules/egg-i18n/app.js",
    "start": 1586615456718,
    "end": 1586615456728,
    "duration": 10,
    "pid": 34268,
    "index": 51
  },
  {
    "name": "Require(43) D:/code/project/my_midway_app/node_modules/egg-watcher/app.js",
    "start": 1586615456728,
    "end": 1586615456729,
    "duration": 1,
    "pid": 34268,
    "index": 52
  },
  {
    "name": "Require(44) D:/code/project/my_midway_app/node_modules/egg-schedule/app.js",
    "start": 1586615456729,
    "end": 1586615456730,
    "duration": 1,
    "pid": 34268,
    "index": 53
  },
  {
    "name": "Require(45) D:/code/project/my_midway_app/node_modules/egg-multipart/app.js",
    "start": 1586615456730,
    "end": 1586615456731,
    "duration": 1,
    "pid": 34268,
    "index": 54
  },
  {
    "name": "Require(46) D:/code/project/my_midway_app/node_modules/egg-development/app.js",
    "start": 1586615456732,
    "end": 1586615456732,
    "duration": 0,
    "pid": 34268,
    "index": 55
  },
  {
    "name": "Require(47) D:/code/project/my_midway_app/node_modules/egg-logrotator/app.js",
    "start": 1586615456732,
    "end": 1586615456732,
    "duration": 0,
    "pid": 34268,
    "index": 56
  },
  {
    "name": "Require(48) D:/code/project/my_midway_app/node_modules/egg-static/app.js",
    "start": 1586615456732,
    "end": 1586615456732,
    "duration": 0,
    "pid": 34268,
    "index": 57
  },
  {
    "name": "Require(49) D:/code/project/my_midway_app/node_modules/midway-schedule/app.js",
    "start": 1586615456733,
    "end": 1586615456733,
    "duration": 0,
    "pid": 34268,
    "index": 58
  },
  {
    "name": "Require(50) app.ts",
    "start": 1586615456733,
    "end": 1586615456733,
    "duration": 0,
    "pid": 34268,
    "index": 59
  },
  {
    "name": "Before Start in D:/code/project/my_midway_app/node_modules/egg-watcher/lib/init.js:15:14",
    "start": 1586615456742,
    "end": 1586615456819,
    "duration": 77,
    "pid": 34268,
    "index": 60
  },
  {
    "name": "Load Service",
    "start": 1586615456760,
    "end": 1586615456764,
    "duration": 4,
    "pid": 34268,
    "index": 61
  },
  {
    "name": "Load \"service\" to Context",
    "start": 1586615456760,
    "end": 1586615456764,
    "duration": 4,
    "pid": 34268,
    "index": 62
  },
  {
    "name": "Load Middleware",
    "start": 1586615456764,
    "end": 1586615456802,
    "duration": 38,
    "pid": 34268,
    "index": 63
  },
  {
    "name": "Load \"middlewares\" to Application",
    "start": 1586615456764,
    "end": 1586615456797,
    "duration": 33,
    "pid": 34268,
    "index": 64
  },
  {
    "name": "Load Controller",
    "start": 1586615456803,
    "end": 1586615456803,
    "duration": 0,
    "pid": 34268,
    "index": 65
  },
  {
    "name": "Load \"controller\" to Application",
    "start": 1586615456803,
    "end": 1586615456803,
    "duration": 0,
    "pid": 34268,
    "index": 66
  },
  {
    "name": "Load Router",
    "start": 1586615456803,
    "end": 1586615456804,
    "duration": 1,
    "pid": 34268,
    "index": 67
  },
  {
    "name": "Before Start in D:/code/project/my_midway_app/node_modules/midway-web/dist/loader/loader.js:28:18",
    "start": 1586615456804,
    "end": 1586615456812,
    "duration": 8,
    "pid": 34268,
    "index": 68
  },
  {
    "name": "Before Start in D:/code/project/my_midway_app/node_modules/egg-core/lib/egg.js:303:10",
    "start": 1586615456807,
    "end": 1586615456810,
    "duration": 3,
    "pid": 34268,
    "index": 69
  }
]